{"max": [0.0, 0.0174999, 0.130025], "centroid": [-0.1360945987188674, 0.010738809708703105, 0.058223625533208964], "id": "e834257d8910fab3cfe78be5b7b99c8d", "numVertices": 13972, "min": [-0.28, 0.0, 0.0]}
