{"max": [0.0, 8.46841, 0.0], "centroid": [-5.101992277698689, 6.567803702227394, -8.235899027969596], "id": "f226832ef907984fd8d4a0e4fc199475", "numVertices": 40966, "min": [-9.91235, -1.8542, -48.6029]}
