{"max": [0.0, 0.145271, 0.428429], "centroid": [-0.18273695649681504, 0.05018394231422504, 0.21440447371549864], "id": "2f347d95d4a2dae3e762cf5917cef4ef", "numVertices": 471, "min": [-0.364986, 0.0, 0.0]}
