{"max": [0.319781, 0.558, 0.319781], "centroid": [-5.011423375044109e-18, 0.3168333333333337, -1.9877039828900913e-18], "id": "8029c2527230111aad1d789f3b2120d0", "numVertices": 288, "min": [-0.319781, 0.0, -0.319781]}
