{"max": [-0.0444928, 0.1524, -0.0488302], "centroid": [-0.06446371147792708, 0.09666985679078696, -0.1425165738579651], "id": "b4341b7259f66d529f433921788191f3", "numVertices": 2605, "min": [-0.0841803, 0.0, -0.311762]}
