{"TWC": [[-0.6651803864837224, -0.43046044172226977, -0.028952545252168754, 0.6094265604213889], [0.625257952386737, -1.1411839084515696, 0.35446707933532706]], "K": [[2206.727294921875, 0.0, 360.0000000121072], [0.0, 2209.3492377935036, 269.99999998973124], [0.0, 0.0, 1.0]], "resolution": [540, 720]}