{"max": [0.0, 0.0474842, 0.461002], "centroid": [-0.30744779846557807, -0.0647223387909394, 0.24370131358024652], "id": "3e4659a2dcb7bd3f959a2da56ff43b4", "numVertices": 4779, "min": [-0.621702, -0.176883, 0.0336886]}
