{"max": [0.1651, 0.424721, 0.1524], "centroid": [-0.10160000606211181, 0.14032257018633537, 0.08404485362732896], "id": "b38d6f1025399725815b2b467e8e2eac", "numVertices": 322, "min": [-0.3683, 0.0, 0.0]}
