{"max": [-8.16247, 26.5957, 47.2132], "centroid": [-15.640966574450568, 12.746526499153727, 23.207541929293345], "id": "af2648ef08812a0aa747c19778aa6cc0", "numVertices": 37810, "min": [-23.4411, 0.0, -0.574988]}
