{"max": [15.6421, 5.8674, -26.0367], "centroid": [14.80136950747103, 4.890485783065858, -29.281086441615706], "id": "494c24cc1ec8256944f9d2f9464b48c8", "numVertices": 1807, "min": [13.8959, 4.06483, -31.1701]}
