{"max": [-0.3048, 1.7399, 0.914406], "centroid": [-1.724650210467226, 0.9490320851966538, 0.3309461872697669], "id": "f093b08c4997bf631b3e6b75a323070", "numVertices": 17808, "min": [-3.3528, -2.54e-07, 0.0254024]}
