{"max": [0.366712, 1.17157, 0.0], "centroid": [-0.0002866734693877553, 0.8414956991253646, -0.36649251020408213], "id": "b838c5bc5241a44bf2f2371022475a36", "numVertices": 343, "min": [-0.366712, 0.0, -0.733425]}
