{"max": [0.303503, 0.450767, 0.303503], "centroid": [0.005332322416999995, 0.29286876752173924, -0.003489648771913029], "id": "fc7ba0ce66b9dfcff155d75bbf62b80", "numVertices": 9200, "min": [-0.303503, -0.006477, -0.303503]}
