{"max": [1.73814, 3.62, 0.710821], "centroid": [0.13992968079878604, 1.3582461198183489, -0.36863130111783904], "id": "6bf1559769018cbb354b166143712fb3", "numVertices": 8588, "min": [-1.73882, -0.038963, -1.44239]}
