{"max": [-5.96046e-08, 0.87, 0.0], "centroid": [-0.47660270664270293, 0.7895771333333333, -0.5533599999999984], "id": "e700df968d805f9722c3257bdf875d06", "numVertices": 165, "min": [-0.598116, 0.0, -0.5761]}
