{"max": [1.2554, 0.304517, 0.0473561], "centroid": [1.1720720356882746, 0.2543613951201783, -0.062029149705171156], "id": "298fc1492df14dbc96c91a9093ecb199", "numVertices": 2746, "min": [1.06591, 0.133308, -0.192481]}
