{"max": [0.00782721, 0.312147, 0.0921279], "centroid": [0.001166083717682946, -0.14390448155222577, 0.039129286837012174], "id": "e4f610f36ba3c6f69246ea0301684d80", "numVertices": 3280, "min": [-0.00544743, -0.273497, -0.0869869]}
