{"max": [-6.06545, 0.949325, -0.174343], "centroid": [-6.187357827868852, 0.41895035286885246, -0.32027211065573763], "id": "32e863f0d34384cc7ad908dd9229dac8", "numVertices": 244, "min": [-6.33856, 0.0, -0.43631]}
