{"max": [-42.472, 260.49, 304.143], "centroid": [-193.56706848072565, 37.78885532879817, 146.71999365079344], "id": "ef7ea1a94404fa633c1661cdd6e9aee5", "numVertices": 441, "min": [-370.126, -21.0168, 42.3702]}
