{"max": [1.00068, 2.22283, 4.228], "centroid": [0.7122429776119401, 2.131733358208953, 3.0248640547263657], "id": "59389aac7b1ea9b09b28f5f9cf8893b5", "numVertices": 402, "min": [0.43421, 2.02981, 2.1602]}
