{"max": [4.79033, 0.656368, 11.8659], "centroid": [0.7252523615819215, -1.7738029745762702, -1.8733691807909705], "id": "43ff0403af233774a245ccf922912805", "numVertices": 354, "min": [-4.27647, -5.10685, -17.7573]}
