{"max": [0.0, 0.628475, 0.179387], "centroid": [-0.532928663636364, 0.2688579437229436, 0.0010719480519480642], "id": "92f6d4d1dc94f4db973037aa80f5ba45", "numVertices": 462, "min": [-0.9144, 0.0, -0.15875]}
