{"max": [-2.2662, 1.14018, -2.39124], "centroid": [-2.5814024657534227, 0.8917756301369869, -3.3287077397260276], "id": "a945e3df688458ae8075fd3e4c0fdb7", "numVertices": 146, "min": [-2.9774, 0.0, -4.18631]}
