{"max": [-0.930905, 7.61653, 3.44531], "centroid": [-5.877489485999973, 4.637697199999995, 1.7918996261999987], "id": "943048e64cc2bc980a070963925e308", "numVertices": 500, "min": [-10.8152, 2.73983, 0.0768661]}
