{"max": [-1.01867, 2.53063, 1.56718], "centroid": [-2.0035231013824806, 1.4097007699308695, -0.5318214311200672], "id": "34d72e4e5e487d9c93550d252b5c25ef", "numVertices": 8680, "min": [-3.27304, 0.246856, -2.48804]}
