{"max": [55.6702, 77.8456, -1.80665], "centroid": [29.647151996557643, 29.24514446333921, -26.806552030981077], "id": "2ed3b981a9827fb0392642605da2a1e7", "numVertices": 1162, "min": [4.18758, -0.4566, -54.3564]}
