{"max": [0.0, 1.92553, -0.001851], "centroid": [-0.0783021028037383, 1.0951809719626173, -0.19018219158878508], "id": "46e0c1b2e0635a111ef58b31c4ba0d15", "numVertices": 214, "min": [-0.16, -0.004612, -0.604648]}
