{"max": [-6.41296, 0.57785, -2.51819], "centroid": [-6.70579625, 0.41751249999999956, -2.802986666666667], "id": "bf4e08fe5e07373ade5ce145a809def2", "numVertices": 96, "min": [-6.99371, 0.0, -3.09894]}
