{"max": [0.0, 0.102874, 0.255843], "centroid": [-0.11474873812423875, 0.049922697929354866, 0.11392784043848966], "id": "e7e61ccc69e18440a52821bf1aa3b19a", "numVertices": 821, "min": [-0.192442, 0.0, 0.0]}
