{"max": [1.06566, 4.50056, 1.16327], "centroid": [-0.43638808571428583, 1.7774975000000013, -1.7606792857142874], "id": "7f53db3b31fe08283c2748dd7bf1793a", "numVertices": 112, "min": [-2.11411, 0.0, -2.91978]}
