{"max": [0.1016, 1.28905, 2.04787], "centroid": [-0.9122334336415374, 0.25983205024182, 0.9712761986486445], "id": "d2e248e53274bcd5ec223fd6ddc5969b", "numVertices": 1406, "min": [-1.9906, -0.00169357, -0.296475]}
