{"max": [0.0, 3.27709, 16.3893], "centroid": [-1.3615466072788343, 1.6812745879059332, 8.201418294512893], "id": "1af852e72c44954b8bd91d7cadd7c123", "numVertices": 3572, "min": [-2.7178, 0.0, 0.03175]}
