{"max": [0.100513, 0.161524, 0.13821], "centroid": [-0.06502088942236847, 0.09590406526315774, -0.027323952223684157], "id": "8d1f575e9223b28b8183a4a81361b94", "numVertices": 912, "min": [-0.230555, 0.0, -0.192858]}
