{"max": [0.445719, 0.347018, -0.0214568], "centroid": [0.29733425274725156, 0.1731938758928569, -0.21420061923076913], "id": "354b570e62b161b8b20f6e48f6a30cbf", "numVertices": 1456, "min": [0.14895, 0.0178957, -0.351903]}
